City_ID,City,Country,Date,Lat,Lng,Max Temp,Humidity,Cloudiness,Wind Speed
0,Porto Nacional,BR,2020-11-09 02:22:57,-10.71,-48.42,80.6,69,20,4.7
1,Rikitea,PF,2020-11-09 02:22:57,-23.12,-134.97,72.99,78,100,15.23
2,Castro,BR,2020-11-09 02:22:43,-24.79,-50.01,64.58,68,43,6.44
3,Atuona,PF,2020-11-09 02:22:58,-9.8,-139.03,77.68,64,74,12.53
4,Tuktoyaktuk,CA,2020-11-09 02:22:58,69.45,-133.04,14.0,92,75,8.05
5,Carnarvon,AU,2020-11-09 02:22:58,-24.87,113.63,71.6,60,90,12.75
6,Ribeira Grande,PT,2020-11-09 02:22:58,38.52,-28.7,61.16,65,46,13.22
7,Manokwari,ID,2020-11-09 02:22:58,-0.87,134.08,85.06,67,100,9.82
8,Hammerfest,NO,2020-11-09 02:22:58,70.66,23.68,39.2,92,75,40.26
9,Lompoc,US,2020-11-09 02:22:42,34.64,-120.46,53.6,66,75,12.75
10,Torbay,CA,2020-11-09 02:22:59,47.67,-52.73,34.0,68,20,11.41
11,Ushuaia,AR,2020-11-09 02:18:57,-54.8,-68.3,42.8,56,75,27.51
12,Cape Town,ZA,2020-11-09 02:22:59,-33.93,18.42,53.01,62,20,4.7
13,Albany,US,2020-11-09 02:20:24,42.6,-73.97,53.01,93,1,2.17
14,San Vicente,AR,2020-11-09 02:23:01,-26.62,-54.13,72.75,47,91,2.71
15,Baijiantan,CN,2020-11-09 02:23:01,45.63,85.18,42.19,57,72,7.11
16,Los Palacios,CU,2020-11-09 02:23:01,22.59,-83.25,74.71,91,53,7.25
17,Pevek,RU,2020-11-09 02:23:01,69.7,170.31,16.86,94,100,3.36
18,Raahe,FI,2020-11-09 02:20:02,64.68,24.48,36.0,74,0,5.82
19,Mataura,NZ,2020-11-09 02:23:01,-46.19,168.86,57.0,68,96,5.01
20,Port Alfred,ZA,2020-11-09 02:23:02,-33.59,26.89,62.91,82,100,13.67
21,Alice Town,BS,2020-11-09 02:23:02,25.72,-79.3,79.2,85,100,40.6
22,Husavik,IS,2020-11-09 02:23:02,66.04,-17.34,28.4,79,0,2.24
23,Cabo San Lucas,MX,2020-11-09 02:23:02,22.89,-109.91,78.8,73,5,16.11
24,Blagoyevo,RU,2020-11-09 02:23:02,63.37,47.92,33.62,91,96,11.52
25,Karasjok,NO,2020-11-09 02:23:02,69.47,25.51,39.2,69,100,27.51
26,Arraial Do Cabo,BR,2020-11-09 02:23:04,-22.97,-42.03,74.14,92,97,12.37
27,Yellowknife,CA,2020-11-09 02:20:45,62.46,-114.35,28.4,79,75,14.99
28,Bambanglipuro,ID,2020-11-09 02:23:04,-7.95,110.28,84.61,69,81,9.37
29,Suhbaatar,MN,2020-11-09 02:23:04,50.23,106.21,29.89,90,0,2.89
30,Constitucion,CL,2020-11-09 02:23:04,-35.33,-72.42,56.17,71,95,10.04
31,Russell,US,2020-11-09 02:23:05,32.35,-85.2,71.6,83,40,6.93
32,Barrow,US,2020-11-09 02:21:04,71.29,-156.79,15.8,78,90,23.04
33,Coihaique,CL,2020-11-09 02:23:06,-45.58,-72.07,57.2,58,0,2.24
34,Bonavista,CA,2020-11-09 02:23:06,48.65,-53.11,35.01,79,100,5.82
35,Durango,MX,2020-11-09 02:22:04,24.83,-104.83,60.67,45,0,5.5
36,Leningradskiy,RU,2020-11-09 02:23:07,69.38,178.42,20.14,94,100,6.49
37,Poronaysk,RU,2020-11-09 02:23:07,49.22,143.12,28.85,82,48,10.2
38,Avarua,CK,2020-11-09 02:23:07,-21.21,-159.78,80.6,69,80,5.82
39,Paszto,HU,2020-11-09 02:23:07,47.92,19.7,32.0,81,8,2.35
40,Sur,OM,2020-11-09 02:23:07,22.57,59.53,74.44,65,0,1.43
41,Bluff,NZ,2020-11-09 02:23:07,-46.6,168.33,57.0,68,91,5.01
42,Talnakh,RU,2020-11-09 02:23:08,69.49,88.4,24.8,92,40,20.13
43,Aklavik,CA,2020-11-09 02:23:08,68.22,-135.01,21.2,79,100,6.93
44,Te Anau,NZ,2020-11-09 02:18:24,-45.42,167.72,60.64,50,54,4.9
45,Zdvinsk,RU,2020-11-09 02:23:08,54.7,78.66,36.14,84,35,17.22
46,Bredasdorp,ZA,2020-11-09 02:23:08,-34.53,20.04,50.0,76,67,6.93
47,Winsum,NL,2020-11-09 02:23:08,53.33,6.52,43.0,100,78,3.36
48,Ahipara,NZ,2020-11-09 02:23:08,-35.17,173.17,60.04,80,96,13.56
49,Punta Arenas,CL,2020-11-09 02:22:53,-53.15,-70.92,42.8,75,90,14.99
50,Ahuimanu,US,2020-11-09 02:23:09,21.44,-157.84,86.0,58,75,10.29
51,Cedar City,US,2020-11-09 02:23:09,37.68,-113.06,28.4,74,75,5.82
52,Vaini,TO,2020-11-09 02:23:09,-21.2,-175.2,82.4,69,20,8.05
53,Busselton,AU,2020-11-09 02:23:09,-33.65,115.33,64.0,77,100,20.69
54,Waipawa,NZ,2020-11-09 02:23:09,-41.41,175.52,55.4,62,99,26.4
55,Saskylakh,RU,2020-11-09 02:23:09,71.92,114.08,-5.51,86,92,15.61
56,Lerwick,GB,2020-11-09 02:23:10,60.15,-1.15,51.8,93,100,14.99
57,Severo-Kurilsk,RU,2020-11-09 02:23:10,50.68,156.12,36.82,80,100,17.85
58,Patan,NP,2020-11-09 02:23:10,27.67,85.33,51.8,93,20,2.24
59,Doume,CM,2020-11-09 02:23:10,4.23,13.45,65.77,83,69,1.34
60,Puerto Baquerizo Moreno,EC,2020-11-09 02:23:10,-0.9,-89.6,66.81,82,18,10.76
61,New Norfolk,AU,2020-11-09 02:20:08,-42.78,147.06,77.0,26,0,4.0
62,Thompson,CA,2020-11-09 02:18:53,55.74,-97.86,10.4,85,90,10.29
63,Dikson,RU,2020-11-09 02:23:11,73.51,80.55,0.72,92,96,13.22
64,Iqaluit,CA,2020-11-09 02:23:11,63.75,-68.51,17.6,72,90,9.17
65,Kapaa,US,2020-11-09 02:23:11,22.08,-159.32,82.4,69,40,13.87
66,Butaritari,KI,2020-11-09 02:23:11,3.07,172.79,81.9,65,2,8.3
67,Emba,KZ,2020-11-09 02:23:11,48.83,58.14,40.1,77,100,22.57
68,Hermanus,ZA,2020-11-09 02:23:11,-34.42,19.23,48.0,88,63,10.22
69,Kamaishi,JP,2020-11-09 02:23:12,39.27,141.88,42.8,75,75,5.82
70,Esperance,AU,2020-11-09 02:23:12,-33.87,121.9,84.2,42,40,19.46
71,Deputatskiy,RU,2020-11-09 02:23:12,69.3,139.9,-15.59,90,43,3.18
72,Lamu,KE,2020-11-09 02:23:12,-2.27,40.9,77.0,94,40,4.94
73,Vanimo,PG,2020-11-09 02:23:12,-2.67,141.3,87.21,62,55,4.61
74,Okhotsk,RU,2020-11-09 02:23:12,59.38,143.3,7.57,88,9,21.79
75,Alofi,NU,2020-11-09 02:23:13,-19.06,-169.92,80.6,69,75,11.41
76,Bethel,US,2020-11-09 02:23:13,41.37,-73.41,55.0,81,1,3.36
77,Ferrol,ES,2020-11-09 02:23:13,43.48,-8.24,57.2,93,0,4.7
78,Shieli,KZ,2020-11-09 02:23:13,44.17,66.75,35.96,92,0,9.35
79,Tiksi,RU,2020-11-09 02:23:13,71.69,128.87,-9.22,89,9,3.6
80,Kaitangata,NZ,2020-11-09 02:23:13,-46.28,169.85,55.0,68,99,11.01
81,Puerto Escondido,MX,2020-11-09 02:23:04,15.85,-97.07,80.6,78,75,3.36
82,Mestia,GE,2020-11-09 02:23:14,43.05,42.73,39.78,55,0,3.0
83,Mount Isa,AU,2020-11-09 02:23:14,-20.73,139.5,95.0,9,0,5.82
84,Norman Wells,CA,2020-11-09 02:23:14,65.28,-126.83,19.4,92,75,2.24
85,Gillette,US,2020-11-09 02:23:14,44.29,-105.5,25.0,79,90,11.41
86,Saint George,US,2020-11-09 02:20:46,37.1,-113.58,39.99,86,75,5.82
87,Comodoro Rivadavia,AR,2020-11-09 02:23:14,-45.87,-67.5,60.8,67,0,8.37
88,Bambous Virieux,MU,2020-11-09 02:23:15,-20.34,57.76,73.99,88,40,11.41
89,Hovd,MN,2020-11-09 02:23:15,48.01,91.64,29.7,82,32,1.3
90,Guangyuan,CN,2020-11-09 02:23:15,32.44,105.82,57.0,77,0,1.01
91,Puerto Ayora,EC,2020-11-09 02:23:15,-0.74,-90.35,68.0,87,9,7.0
92,Grand Gaube,MU,2020-11-09 02:23:15,-20.01,57.66,73.99,81,29,5.99
93,Kudahuvadhoo,MV,2020-11-09 02:23:15,2.67,72.89,83.68,72,31,5.37
94,Pijijiapan,MX,2020-11-09 02:23:16,15.7,-93.23,77.25,76,25,3.15
95,Spruce Grove,CA,2020-11-09 02:23:16,53.53,-113.92,19.0,85,90,2.24
96,Hualmay,PE,2020-11-09 02:23:16,-11.1,-77.61,61.07,87,32,8.75
97,Kahului,US,2020-11-09 02:19:48,20.89,-156.47,87.8,48,20,19.46
98,Rocha,UY,2020-11-09 02:23:17,-34.48,-54.33,54.19,94,65,3.83
99,Faanui,PF,2020-11-09 02:23:17,-16.48,-151.75,79.03,77,88,15.55
100,Hit,IQ,2020-11-09 02:23:17,33.64,42.83,66.47,48,50,7.49
101,Nikolskoye,RU,2020-11-09 02:23:18,59.7,30.79,30.99,86,20,4.47
102,Algiers,DZ,2020-11-09 02:23:18,36.75,3.04,59.0,93,75,8.77
103,Vostok,RU,2020-11-09 02:19:13,46.49,135.88,18.52,94,100,7.72
104,Burnie,AU,2020-11-09 02:23:18,-41.07,145.92,64.0,51,69,8.99
105,Bouca,CF,2020-11-09 02:23:18,6.51,18.27,71.44,78,25,1.66
106,Sobolevo,RU,2020-11-09 02:23:18,54.43,31.9,35.55,87,0,5.55
107,Megion,RU,2020-11-09 02:23:18,61.03,76.11,32.0,98,40,8.95
108,Innisfail,AU,2020-11-09 02:23:19,-17.53,146.03,81.32,61,94,11.27
109,Ulladulla,AU,2020-11-09 02:23:19,-35.35,150.47,66.99,52,75,4.7
110,Port Blair,IN,2020-11-09 02:23:19,11.67,92.75,83.16,77,49,11.59
111,Kaka,TM,2020-11-09 02:23:19,37.35,59.61,49.53,68,94,1.01
112,Kapit,MY,2020-11-09 02:23:19,2.02,112.93,83.23,72,100,2.75
113,Kokkola,FI,2020-11-09 02:23:20,63.84,23.13,41.0,100,0,5.82
114,Ponta Do Sol,PT,2020-11-09 02:23:20,32.67,-17.1,64.4,63,20,8.05
115,Fare,PF,2020-11-09 02:23:20,-16.7,-151.02,79.29,78,73,15.64
116,Thinadhoo,MV,2020-11-09 02:23:20,0.53,72.93,83.84,75,85,10.67
117,Padang,ID,2020-11-09 02:21:37,-0.95,100.35,83.21,65,76,0.31
118,Souillac,MU,2020-11-09 02:23:20,-20.52,57.52,73.4,88,40,11.41
119,Roebourne,AU,2020-11-09 02:23:21,-20.78,117.13,90.63,21,0,10.76
120,Codajas,BR,2020-11-09 02:23:21,-3.84,-62.06,73.47,97,79,3.15
121,Panaba,MX,2020-11-09 02:23:21,21.28,-88.27,74.55,89,2,7.67
122,Geraldton,AU,2020-11-09 02:23:21,-28.77,114.6,73.4,56,75,21.92
123,Gazimurskiy Zavod,RU,2020-11-09 02:23:22,51.55,118.33,15.94,87,0,1.48
124,Matay,EG,2020-11-09 02:23:22,28.42,30.78,62.58,76,17,6.04
125,Kokoda,PG,2020-11-09 02:23:23,-8.88,147.74,84.81,60,43,4.65
126,Jamestown,US,2020-11-09 02:23:23,42.1,-79.24,57.2,50,1,3.22
127,Hithadhoo,MV,2020-11-09 02:23:23,-0.6,73.08,83.98,71,37,7.72
128,Oktyabrskiy,RU,2020-11-09 02:23:23,54.48,53.47,31.89,92,66,11.27
129,Hohhot,CN,2020-11-09 02:23:23,40.81,111.65,32.0,54,0,4.47
130,Xining,CN,2020-11-09 02:23:23,36.62,101.77,38.57,55,0,1.5
131,Tuatapere,NZ,2020-11-09 02:23:24,-46.13,167.68,57.0,68,99,5.01
132,Viedma,AR,2020-11-09 02:23:24,-40.81,-63.0,61.0,88,4,11.9
133,Akdepe,TM,2020-11-09 02:23:24,42.06,59.38,32.0,81,0,2.24
134,Ierapetra,GR,2020-11-09 02:23:24,35.01,25.74,66.0,62,70,11.01
135,Chapais,CA,2020-11-09 02:23:24,49.78,-74.85,39.2,100,90,4.7
136,Carutapera,BR,2020-11-09 02:21:21,-1.2,-46.02,79.56,82,47,7.14
137,Upernavik,GL,2020-11-09 02:23:24,72.79,-56.15,-5.66,77,0,10.85
138,Teloloapan,MX,2020-11-09 02:23:25,18.35,-99.85,73.99,56,30,2.84
139,Margate,GB,2020-11-09 02:23:25,51.38,1.39,57.0,91,100,3.0
140,Kirakira,SB,2020-11-09 02:23:25,-10.45,161.92,84.29,75,89,2.93
141,Hasaki,JP,2020-11-09 02:23:25,35.73,140.83,63.0,41,75,5.82
142,Cidreira,BR,2020-11-09 02:23:25,-30.18,-50.21,68.25,82,98,14.54
143,Kilifi,KE,2020-11-09 02:23:26,-3.63,39.85,76.42,86,21,7.25
144,La Ronge,CA,2020-11-09 02:22:46,55.1,-105.28,14.0,78,100,12.75
145,Mangrol,IN,2020-11-09 02:23:26,21.12,70.12,75.92,47,0,8.03
146,Fukue,JP,2020-11-09 02:23:26,32.69,128.84,59.0,47,40,19.46
147,Atambua,ID,2020-11-09 02:23:26,-9.11,124.89,88.38,42,64,2.3
148,Kawhia,NZ,2020-11-09 02:23:26,-38.07,174.82,64.0,67,88,11.99
149,Fortuna,US,2020-11-09 02:23:26,40.6,-124.16,48.0,65,1,16.11
150,Quballat,TN,2020-11-09 02:23:27,36.54,9.66,55.4,100,20,1.41
151,Karratha,AU,2020-11-09 02:22:41,-20.74,116.85,88.39,23,0,13.0
152,Batemans Bay,AU,2020-11-09 02:23:27,-35.72,150.18,66.99,57,0,1.99
153,Khatanga,RU,2020-11-09 02:23:27,71.97,102.5,9.54,91,100,17.6
154,Hobart,AU,2020-11-09 02:22:34,-42.88,147.33,78.01,42,0,9.17
155,Rudnichnyy,RU,2020-11-09 02:23:27,59.62,52.47,31.32,97,95,10.67
156,Hilo,US,2020-11-09 02:21:04,19.73,-155.09,82.4,65,90,9.17
157,Bandundu,CD,2020-11-09 02:23:28,-3.32,17.37,71.53,95,100,3.44
158,Naze,JP,2020-11-09 02:23:28,28.37,129.48,71.6,56,20,16.11
159,Mankera,PK,2020-11-09 02:23:28,31.39,71.44,62.78,28,0,5.14
160,Flinders,AU,2020-11-09 02:23:28,-34.58,150.86,69.01,55,37,9.33
161,Yumen,CN,2020-11-09 02:23:28,40.28,97.2,42.75,41,0,5.55
162,Tasiilaq,GL,2020-11-09 02:23:29,65.61,-37.64,32.18,98,100,30.13
163,Candolim,IN,2020-11-09 02:23:29,15.52,73.76,78.8,78,20,3.36
164,Codrington,AU,2020-11-09 02:23:03,-38.27,141.97,75.88,60,31,8.55
165,Kruisfontein,ZA,2020-11-09 02:19:59,-34.0,24.73,55.99,95,100,1.01
166,Manzhouli,CN,2020-11-09 02:23:29,49.6,117.43,18.97,95,58,2.08
167,Safaga,EG,2020-11-09 02:23:29,26.73,33.94,72.95,40,0,5.08
168,Adrar,MR,2020-11-09 02:23:30,20.5,-10.07,79.23,17,4,6.89
169,Playas,EC,2020-11-09 02:23:30,-2.63,-80.38,70.12,87,10,13.06
170,Guanica,PR,2020-11-09 02:23:30,17.97,-66.91,78.01,93,100,8.63
171,Houma,US,2020-11-09 02:23:31,29.6,-90.72,73.4,88,90,9.17
172,Aloleng,PH,2020-11-09 02:23:31,16.13,119.78,84.6,73,86,8.37
173,Coquimbo,CL,2020-11-09 02:23:31,-29.95,-71.34,55.4,87,0,4.7
174,Port Moresby,PG,2020-11-09 02:23:32,-9.44,147.18,86.0,70,40,12.35
175,Tsiroanomandidy,MG,2020-11-09 02:23:32,-18.77,46.03,69.73,55,92,8.81
176,Timbiqui,CO,2020-11-09 02:23:34,2.77,-77.67,74.79,92,100,2.95
177,Meulaboh,ID,2020-11-09 02:23:34,4.14,96.13,80.94,77,85,2.59
178,Ambon,ID,2020-11-09 02:23:34,-3.7,128.18,86.0,70,40,4.7
179,Terrace,CA,2020-11-09 02:23:34,54.52,-128.6,32.0,77,90,3.36
180,Merauke,ID,2020-11-09 02:23:34,-8.47,140.33,85.86,69,29,9.57
181,Salisbury,GB,2020-11-09 02:19:40,51.07,-1.8,53.01,100,90,5.82
182,Pontes E Lacerda,BR,2020-11-09 02:22:52,-15.23,-59.34,77.72,68,37,3.78
183,Montepuez,MZ,2020-11-09 02:23:35,-13.13,39.0,70.2,91,42,6.15
184,Isangel,VU,2020-11-09 02:23:35,-19.55,169.27,80.6,78,90,9.17
185,Ancud,CL,2020-11-09 02:23:35,-41.87,-73.82,55.99,71,0,10.29
186,Qaanaaq,GL,2020-11-09 02:23:35,77.48,-69.36,-8.0,70,0,8.59
187,Nome,US,2020-11-09 02:23:36,64.5,-165.41,30.2,80,1,5.12
188,Kodiak,US,2020-11-09 02:23:36,57.79,-152.41,44.6,52,40,29.97
189,Moerai,PF,2020-11-09 02:23:36,-22.43,-151.33,75.6,83,100,19.26
190,Kargasok,RU,2020-11-09 02:23:36,59.06,80.86,33.71,90,98,18.34
191,Ostrovnoy,RU,2020-11-09 02:23:36,68.05,39.51,32.45,94,100,25.68
192,Imamoglu,TR,2020-11-09 02:23:37,37.27,35.66,63.0,54,0,4.7
193,Chokurdakh,RU,2020-11-09 02:23:37,70.63,147.92,-11.85,91,99,3.67
194,Huarmey,PE,2020-11-09 02:23:37,-10.07,-78.15,61.29,88,16,6.6
195,Adre,TD,2020-11-09 02:23:37,13.47,22.2,69.55,29,55,14.7
196,Portland,US,2020-11-09 02:20:16,45.52,-122.68,41.0,65,1,3.0
197,Baoqing,CN,2020-11-09 02:23:37,46.33,132.21,21.56,81,0,13.58
198,Gat,IL,2020-11-09 02:20:03,31.61,34.76,64.99,82,0,3.36
199,Chuy,UY,2020-11-09 02:23:38,-33.7,-53.46,58.5,90,41,5.99
200,Cap Malheureux,MU,2020-11-09 02:23:38,-19.98,57.61,73.99,81,22,5.99
201,Esterhazy,CA,2020-11-09 02:23:38,50.65,-102.08,23.0,92,100,3.36
202,Victoria,HK,2020-11-09 02:18:44,22.29,114.16,77.0,47,83,1.01
203,Broken Hill,AU,2020-11-09 02:23:38,-31.95,141.43,86.0,28,66,13.87
204,Cherskiy,RU,2020-11-09 02:23:38,68.75,161.3,2.32,94,96,2.51
205,Vardo,NO,2020-11-09 02:23:38,70.37,31.11,36.01,80,100,10.65
206,Beloha,MG,2020-11-09 02:23:39,-25.17,45.05,75.11,52,0,10.71
207,Puerto Colombia,CO,2020-11-09 02:23:39,10.99,-74.95,77.0,100,40,2.24
208,Melito Di Porto Salvo,IT,2020-11-09 02:23:39,37.92,15.77,63.0,70,0,9.84
209,Cherbourg,FR,2020-11-09 02:22:16,49.64,-1.61,57.0,100,0,6.93
210,Jumla,NP,2020-11-09 02:23:40,29.27,82.18,49.42,44,0,3.29
211,Dwarka,IN,2020-11-09 02:23:40,22.24,68.97,78.71,47,0,6.71
212,Aleksandrov Gay,RU,2020-11-09 02:23:41,50.15,48.57,48.51,78,99,16.82
213,Pisco,PE,2020-11-09 02:23:41,-13.7,-76.22,62.6,88,0,17.22
214,Dudinka,RU,2020-11-09 02:23:41,69.41,86.18,24.8,92,40,20.13
215,Roald,NO,2020-11-09 02:23:41,62.58,6.13,44.6,100,100,8.05
216,Igrim,RU,2020-11-09 02:23:41,63.19,64.42,27.05,97,100,5.01
217,Calvinia,ZA,2020-11-09 02:23:42,-31.47,19.78,43.63,91,17,3.38
218,Aksarka,RU,2020-11-09 02:23:42,66.56,67.8,20.59,98,100,7.9
219,Lianzhou,CN,2020-11-09 02:23:43,24.78,112.38,67.23,41,0,6.76
220,Bud,US,2020-11-09 02:23:43,39.45,-86.18,64.4,63,1,3.36
221,Kurilsk,RU,2020-11-09 02:23:43,45.23,147.88,38.79,74,100,21.41
222,Manama,BH,2020-11-09 02:23:43,26.22,50.58,78.8,83,5,3.36
223,Astoria,US,2020-11-09 02:20:54,46.19,-123.83,42.01,64,1,3.36
224,Tondano,ID,2020-11-09 02:23:44,1.3,124.91,87.8,48,20,2.24
225,Asau,RO,2020-11-09 02:23:44,46.43,26.4,41.0,100,40,4.7
226,Sahuaripa,MX,2020-11-09 02:23:44,29.05,-109.23,66.61,58,0,8.55
227,Sitka,US,2020-11-09 02:20:18,57.05,-135.33,42.8,75,90,25.28
228,Kampong Chhnang,KH,2020-11-09 02:23:44,12.17,104.55,77.97,80,96,9.06
229,Vila Velha,BR,2020-11-09 02:20:51,-20.33,-40.29,77.0,83,20,11.41
230,Clyde River,CA,2020-11-09 02:23:44,70.47,-68.59,-0.4,77,1,19.46
231,Khani,GE,2020-11-09 02:23:45,41.96,42.96,53.6,66,0,12.75
232,Dawson Creek,CA,2020-11-09 02:23:45,55.77,-120.24,24.8,68,1,9.17
233,Brazzaville,CG,2020-11-09 02:22:54,-4.27,15.28,78.8,83,75,8.05
234,Beringovskiy,RU,2020-11-09 02:23:45,63.05,179.32,19.99,91,17,8.52
235,Acapulco,MX,2020-11-09 02:23:45,16.86,-99.89,80.6,83,40,4.7
236,Port Elizabeth,ZA,2020-11-09 02:23:45,-33.92,25.57,57.2,93,0,14.99
237,Hofn,IS,2020-11-09 02:23:45,64.25,-15.21,40.91,77,100,9.75
238,Kushiro,JP,2020-11-09 02:23:46,42.98,144.37,41.0,67,75,11.41
239,Saint-Philippe,RE,2020-11-09 02:23:46,-21.36,55.77,73.4,73,0,4.7
240,Ugoofaaru,MV,2020-11-09 02:23:46,5.67,73.0,83.39,75,92,7.67
241,Puerto Ayacucho,VE,2020-11-09 02:23:47,5.66,-67.62,77.25,88,100,1.57
242,Aldan,RU,2020-11-09 02:23:47,58.6,125.39,-0.56,89,0,4.25
243,Vao,NC,2020-11-09 02:23:47,-22.67,167.48,70.83,78,6,19.51
244,Les Ponts-De-Ce,FR,2020-11-09 02:23:47,47.42,-0.52,55.4,87,94,9.17
245,Mookane,BW,2020-11-09 02:23:48,-23.69,26.66,76.62,54,98,5.19
246,Kedrovyy,RU,2020-11-09 02:23:48,56.17,91.82,46.4,49,0,11.18
247,Weligama,LK,2020-11-09 02:23:48,5.97,80.42,79.34,84,6,5.35
248,Abha,SA,2020-11-09 02:23:48,18.22,42.51,59.0,58,0,4.7
249,Mogadishu,SO,2020-11-09 02:23:49,2.04,45.34,78.44,82,100,8.57
250,Sao Felix Do Xingu,BR,2020-11-09 02:23:49,-6.64,-51.99,72.77,95,65,1.5
251,Maragogi,BR,2020-11-09 02:23:49,-9.01,-35.22,76.66,88,11,10.87
252,Ucluelet,CA,2020-11-09 02:21:34,48.93,-125.55,41.0,80,20,3.36
253,Campos Novos,BR,2020-11-09 02:20:49,-27.4,-51.23,63.27,84,100,7.31
254,Lanxi,CN,2020-11-09 02:23:50,29.22,119.48,62.06,50,0,5.53
255,Lagoa,PT,2020-11-09 02:23:50,39.05,-27.98,60.49,63,93,11.74
256,Mar Del Plata,AR,2020-11-09 02:19:36,-38.0,-57.56,62.01,73,33,8.99
257,Port Hedland,AU,2020-11-09 02:23:50,-20.32,118.57,91.4,29,0,11.41
258,Gerga,RU,2020-11-09 02:23:51,42.35,47.96,44.6,70,0,4.47
259,Samarai,PG,2020-11-09 02:23:51,-10.62,150.67,79.41,86,100,16.11
260,Port Said,EG,2020-11-09 02:23:51,31.26,32.28,68.0,82,0,5.82
261,Erenhot,CN,2020-11-09 02:23:51,43.65,111.98,35.92,64,0,6.42
262,Rawson,AR,2020-11-09 02:19:27,-43.3,-65.1,65.39,66,77,11.01
263,Staraya Kulatka,RU,2020-11-09 02:23:51,52.72,47.62,35.83,84,1,9.08
264,Praia,CV,2020-11-09 02:20:45,14.92,-23.51,78.8,74,0,13.87
265,Maputo,MZ,2020-11-09 02:23:52,-25.97,32.59,79.02,59,0,0.69
266,Marsaxlokk,MT,2020-11-09 02:23:52,35.84,14.54,63.0,87,0,6.93
267,Kloulklubed,PW,2020-11-09 02:23:52,7.04,134.26,86.0,74,90,8.05
268,Kavieng,PG,2020-11-09 02:23:52,-2.57,150.8,83.86,68,75,2.64
269,Pangai,TO,2020-11-09 02:23:52,-19.8,-174.35,80.6,78,20,6.93
270,Narasannapeta,IN,2020-11-09 02:23:52,18.42,84.05,68.59,65,0,5.95
271,Turukhansk,RU,2020-11-09 02:23:52,65.82,87.98,33.12,98,100,15.75
272,Guerrero Negro,MX,2020-11-09 02:23:53,27.98,-114.06,64.15,59,71,11.5
273,Aiquile,BO,2020-11-09 02:23:53,-18.2,-65.18,62.89,55,0,2.75
274,Mozarlandia,BR,2020-11-09 02:23:53,-14.74,-50.57,74.57,78,97,7.4
275,Sioux Lookout,CA,2020-11-09 02:23:53,50.1,-91.92,55.4,71,5,8.05
276,Yaan,NG,2020-11-09 02:23:53,7.38,8.57,74.03,73,53,4.41
277,Salalah,OM,2020-11-09 02:23:53,17.02,54.09,73.4,56,0,3.36
278,Lavrentiya,RU,2020-11-09 02:23:54,65.58,-171.0,27.12,94,67,6.55
279,Jaguaruna,BR,2020-11-09 02:23:54,-28.61,-49.03,68.63,81,100,6.42
280,Kabwe,ZM,2020-11-09 02:23:54,-14.45,28.45,70.83,29,93,6.31
281,Buenaventura,CO,2020-11-09 02:23:54,3.88,-77.03,66.0,79,100,0.54
282,Kaura Namoda,NG,2020-11-09 02:23:54,12.59,6.58,70.16,26,45,8.75
283,Eugene,US,2020-11-09 02:19:50,44.05,-123.09,39.99,80,0,2.55
284,Mahebourg,MU,2020-11-09 02:23:54,-20.41,57.7,73.4,88,40,11.41
285,Alyangula,AU,2020-11-09 02:23:55,-13.85,136.42,93.2,56,75,8.05
286,Cayenne,GF,2020-11-09 02:23:55,4.93,-52.33,80.6,88,20,5.82
287,Jalu,LY,2020-11-09 02:23:55,29.03,21.55,58.14,75,0,9.42
288,Mahon,ES,2020-11-09 02:23:55,39.89,4.27,60.8,93,90,4.7
289,Emerald,AU,2020-11-09 02:23:55,-23.53,148.17,79.0,50,75,17.22
290,Georgetown,MY,2020-11-09 02:23:55,5.41,100.34,82.4,83,40,3.36
291,Suluq,LY,2020-11-09 02:23:56,31.67,20.25,60.3,78,2,5.26
292,Honiara,SB,2020-11-09 02:23:56,-9.43,159.95,87.8,70,20,11.41
293,Kangaatsiaq,GL,2020-11-09 02:23:56,68.31,-53.46,18.41,85,100,16.24
294,Barabai,ID,2020-11-09 02:23:56,-2.58,115.38,90.81,51,89,1.07
295,Kupang,ID,2020-11-09 02:20:33,-10.17,123.58,91.4,52,40,6.93
296,Honningsvag,NO,2020-11-09 02:23:56,70.98,25.97,35.02,87,100,1.9
297,Razdolnoye,RU,2020-11-09 02:23:57,43.55,131.92,74.23,40,17,13.42
298,San Carlos De Bariloche,AR,2020-11-09 02:19:29,-41.15,-71.31,60.01,76,40,5.82
299,Mchinji,MW,2020-11-09 02:23:57,-13.8,32.88,70.81,49,42,6.82
300,Bajil,YE,2020-11-09 02:23:57,15.06,43.29,77.47,75,0,1.97
301,Rorvik,NO,2020-11-09 02:23:57,64.86,11.24,48.18,73,67,23.4
302,Santa Rosa,PH,2020-11-09 02:23:58,14.31,121.11,82.99,83,90,3.36
303,Daultala,PK,2020-11-09 02:23:58,33.19,73.14,55.99,71,4,1.95
304,Vanino,RU,2020-11-09 02:23:58,49.09,140.25,27.41,74,68,8.34
305,Bandarbeyla,SO,2020-11-09 02:20:30,9.49,50.81,77.07,83,15,15.75
306,Medicine Hat,CA,2020-11-09 02:22:25,50.05,-110.67,15.01,92,90,29.97
307,Sadon,RU,2020-11-09 02:23:58,42.85,44.0,28.4,92,0,8.95
308,Waingapu,ID,2020-11-09 02:23:59,-9.66,120.26,89.91,46,47,9.66
309,Lahat,ID,2020-11-09 02:23:59,-3.8,103.53,86.58,59,84,1.54
310,Mareeba,AU,2020-11-09 02:23:39,-17.0,145.43,88.0,43,20,19.46
311,Bardiyah,LY,2020-11-09 02:23:59,31.76,25.09,65.73,80,12,12.86
312,Hauterive,FR,2020-11-09 02:23:59,46.09,3.45,46.99,93,0,2.24
313,Nove Hrady,CZ,2020-11-09 02:23:59,48.79,14.78,36.0,95,100,2.42
314,Kirensk,RU,2020-11-09 02:24:00,57.79,108.11,33.44,92,0,7.47
315,Pilar,BR,2020-11-09 02:24:00,-9.6,-35.96,77.0,83,75,3.36
316,Chilca,PE,2020-11-09 02:24:00,-12.52,-76.74,64.4,77,0,11.41
317,Coihueco,CL,2020-11-09 02:24:00,-36.62,-71.83,62.6,59,0,8.05
318,Mossendjo,CG,2020-11-09 02:24:01,-2.95,12.73,70.07,99,100,3.38
319,Tubuala,PA,2020-11-09 02:24:01,9.52,-79.03,73.4,94,20,4.7
320,Basoko,CD,2020-11-09 02:24:01,1.24,23.62,71.76,96,100,3.56
321,Jilotepec,MX,2020-11-09 02:24:01,19.6,-96.93,59.09,91,56,1.3
322,Cockburn Town,TC,2020-11-09 02:21:44,21.46,-71.14,81.21,82,100,26.24
323,Belyy Yar,RU,2020-11-09 02:24:01,53.6,91.39,24.8,100,100,4.47
324,Sann,PK,2020-11-09 02:24:02,26.04,68.14,62.6,77,0,1.66
325,Kristinehamn,SE,2020-11-09 02:24:02,59.31,14.11,46.4,100,100,5.82
326,Kaili,ID,2020-11-09 02:24:02,-3.46,120.21,83.46,46,0,4.59
327,Suleja,NG,2020-11-09 02:24:02,9.18,7.18,73.4,88,0,4.7
328,Longyearbyen,SJ,2020-11-09 02:24:02,78.22,15.64,26.6,79,75,8.05
329,Muros,ES,2020-11-09 02:24:03,42.78,-9.06,55.99,93,75,9.17
330,Mercedes,AR,2020-11-09 02:24:03,-34.65,-59.43,68.0,67,100,3.0
331,Den Helder,NL,2020-11-09 02:24:03,52.96,4.76,51.01,93,90,4.7
332,Gravdal,NO,2020-11-09 02:24:03,68.12,13.5,42.94,71,94,29.66
333,Osakarovka,KZ,2020-11-09 02:24:03,50.56,72.57,31.42,95,100,25.66
334,Kuusamo,FI,2020-11-09 02:24:03,65.97,29.18,28.4,92,90,9.17
335,Anloga,GH,2020-11-09 02:24:04,5.79,0.9,78.8,88,20,3.36
336,Sibolga,ID,2020-11-09 02:21:02,1.74,98.78,82.0,74,100,1.25
337,Itarema,BR,2020-11-09 02:22:54,-2.92,-39.92,81.12,78,8,17.6
338,Lebu,CL,2020-11-09 02:24:04,-37.62,-73.65,51.91,92,14,19.57
339,Katsuura,JP,2020-11-09 02:24:04,35.13,140.3,62.01,33,95,5.01
340,Daru,PG,2020-11-09 02:24:05,-9.08,143.21,78.39,90,100,14.7
341,Joshimath,IN,2020-11-09 02:24:05,30.57,79.57,51.42,33,0,2.57
342,Nanortalik,GL,2020-11-09 02:24:05,60.14,-45.24,29.03,93,100,22.1
343,Luanda,AO,2020-11-09 02:23:01,-8.84,13.23,77.0,88,75,4.7
344,Dharchula,IN,2020-11-09 02:24:05,29.85,80.53,56.88,42,0,1.83
345,Fuerte Olimpo,PY,2020-11-09 02:24:05,-21.04,-57.87,85.62,38,3,5.35
346,Saldanha,ZA,2020-11-09 02:24:06,-33.01,17.94,51.8,81,0,4.7
347,Chimore,BO,2020-11-09 02:24:06,-16.98,-65.13,86.9,39,68,2.26
348,Salamiyah,SY,2020-11-09 02:24:06,35.01,37.05,60.93,57,100,3.06
349,Svetlyy,RU,2020-11-09 02:24:06,54.67,20.13,46.99,93,90,2.24
350,Nokaneng,BW,2020-11-09 02:24:06,-19.67,22.27,76.23,51,97,5.37
351,Rafsanjan,IR,2020-11-09 02:24:06,30.41,55.99,46.35,50,0,3.11
352,Saint-Pierre,RE,2020-11-09 02:24:07,-21.34,55.48,69.8,73,0,4.7
353,Nabire,ID,2020-11-09 02:24:07,-3.37,135.48,85.39,70,88,5.08
354,Miri,MY,2020-11-09 02:24:07,4.41,114.01,80.6,88,40,6.93
355,Naryan-Mar,RU,2020-11-09 02:24:07,67.67,53.09,26.98,98,80,8.05
356,Baghpat,IN,2020-11-09 02:24:07,28.95,77.22,72.0,100,90,4.7
357,Razdolinsk,RU,2020-11-09 02:24:07,58.42,94.67,35.76,87,100,11.01
358,Vila Franca Do Campo,PT,2020-11-09 02:24:08,37.72,-25.43,57.2,82,75,3.36
359,Palora,EC,2020-11-09 02:24:08,-1.7,-77.93,66.83,70,45,3.09
360,Marsh Harbour,BS,2020-11-09 02:24:08,26.54,-77.06,76.73,89,100,33.11
361,Half Moon Bay,US,2020-11-09 02:24:08,37.46,-122.43,50.0,71,20,13.87
362,Ust-Kulom,RU,2020-11-09 02:24:08,61.69,53.69,32.5,97,100,11.25
363,Numan,NG,2020-11-09 02:24:08,9.47,12.03,74.62,37,0,2.28
364,Riberalta,BO,2020-11-09 02:24:08,-10.98,-66.1,82.4,54,100,1.36
365,East London,ZA,2020-11-09 02:24:09,-33.02,27.91,65.82,82,100,7.11
366,Goderich,CA,2020-11-09 02:24:09,43.75,-81.72,59.0,62,0,5.82
367,Tonshayevo,RU,2020-11-09 02:24:09,57.74,47.01,32.58,91,96,11.07
368,Banda Aceh,ID,2020-11-09 02:21:07,5.56,95.32,81.88,74,81,0.76
369,Ambunti,PG,2020-11-09 02:24:09,-4.24,142.84,94.75,51,87,0.36
370,Yulara,AU,2020-11-09 02:24:09,-25.24,130.99,89.6,11,75,13.87
371,Maldonado,UY,2020-11-09 02:24:10,-34.67,-54.92,60.8,93,0,5.82
372,Matagami,CA,2020-11-09 02:24:10,49.75,-77.63,42.8,100,1,4.7
373,Matina,CR,2020-11-09 02:24:10,10.08,-83.29,77.99,83,52,3.38
374,Odweyne,SO,2020-11-09 02:24:10,9.41,45.06,66.58,63,0,3.29
375,Ilulissat,GL,2020-11-09 02:24:10,69.22,-51.1,14.0,61,100,4.7
376,Luderitz,NA,2020-11-09 02:24:10,-26.65,15.16,58.95,77,0,23.04
377,Keflavik,IS,2020-11-09 02:23:17,64.0,-22.56,42.8,87,75,19.46
378,Bac Lieu,VN,2020-11-09 02:24:11,9.29,105.72,80.33,81,98,6.96
379,Analipsis,GR,2020-11-09 02:24:11,35.32,25.57,66.0,87,40,5.41
380,Komsomolskiy,UZ,2020-11-09 02:24:11,40.43,71.72,51.8,57,100,9.17
381,Palmerston North,NZ,2020-11-09 02:24:11,-40.35,175.62,52.0,79,100,7.0
382,Coos Bay,US,2020-11-09 02:24:11,43.37,-124.22,42.8,60,1,6.93
383,Avdiyivka,UA,2020-11-09 02:24:11,48.14,37.74,44.2,92,28,7.11
384,Dawei,MM,2020-11-09 02:24:12,14.08,98.2,80.89,60,0,12.57
385,Fort Smith,US,2020-11-09 02:24:12,35.39,-94.4,68.0,88,90,5.82
386,Madimba,TZ,2020-11-09 02:24:12,-10.4,40.33,77.56,80,29,8.48
387,Westport,US,2020-11-09 02:19:49,41.14,-73.36,57.0,76,1,2.62
388,Sibu,MY,2020-11-09 02:24:12,2.3,111.82,78.8,88,40,3.36
389,Gelgaudiskis,LT,2020-11-09 02:24:13,55.08,22.98,38.25,82,0,3.06
390,Antofagasta,CL,2020-11-09 02:24:13,-23.65,-70.4,60.8,82,90,12.75
391,Hervey Bay,AU,2020-11-09 02:24:13,-25.3,152.85,75.99,49,21,8.01
392,Tautira,PF,2020-11-09 02:24:13,-17.73,-149.15,82.4,69,90,11.41
393,Exeter,GB,2020-11-09 02:23:48,50.72,-3.53,57.0,96,76,9.24
394,Shimoda,JP,2020-11-09 02:24:13,34.67,138.95,60.8,55,40,9.17
395,Copiapo,CL,2020-11-09 02:24:13,-27.37,-70.33,55.4,87,0,2.24
396,Fayaoue,NC,2020-11-09 02:24:14,-20.65,166.53,75.11,73,58,20.33
397,Hailin,CN,2020-11-09 02:24:14,44.58,129.42,26.01,77,53,13.09
398,Takoradi,GH,2020-11-09 02:24:14,4.88,-1.76,78.4,84,39,5.55
399,Tsabong,BW,2020-11-09 02:24:14,-26.02,22.4,74.93,28,92,12.68
400,Tigil,RU,2020-11-09 02:24:14,57.8,158.67,27.81,81,10,2.51
401,Los Llanos De Aridane,ES,2020-11-09 02:24:14,28.66,-17.92,66.2,68,0,8.05
402,The Valley,AI,2020-11-09 02:24:14,18.22,-63.06,80.6,83,40,10.29
403,Batouri,CM,2020-11-09 02:24:15,4.43,14.37,66.88,87,32,1.88
404,Sault Sainte Marie,CA,2020-11-09 02:19:53,46.52,-84.33,62.6,76,90,5.82
405,Nacala,MZ,2020-11-09 02:24:15,-14.54,40.67,76.37,89,15,5.46
406,Am Timan,TD,2020-11-09 02:24:15,11.03,20.28,75.63,34,96,4.94
407,Gympie,AU,2020-11-09 02:24:15,-26.19,152.66,69.01,63,78,5.01
408,Orange Walk,BZ,2020-11-09 02:24:15,17.83,-88.83,78.01,71,73,4.21
409,Sabancuy,MX,2020-11-09 02:24:16,18.97,-91.18,76.87,85,26,8.28
410,Pavilosta,LV,2020-11-09 02:24:16,56.89,21.19,30.2,100,20,3.36
411,Grafton,US,2020-11-09 02:24:16,42.21,-71.69,60.8,44,1,9.17
412,Taoudenni,ML,2020-11-09 02:24:16,22.68,-3.98,77.22,18,59,7.74
413,Avera,US,2020-11-09 02:24:16,33.19,-82.53,66.99,74,75,8.05
414,Ponta Delgada,PT,2020-11-09 02:24:16,37.73,-25.67,57.2,82,75,3.36
415,Northam,GB,2020-11-09 02:24:17,51.03,-4.22,55.99,94,42,8.01
416,North Bend,US,2020-11-09 02:20:47,43.41,-124.22,46.4,52,1,10.29
417,Mnogovershinnyy,RU,2020-11-09 02:24:17,53.94,139.92,15.26,95,100,12.91
418,Guaraniacu,BR,2020-11-09 02:24:17,-25.1,-52.88,71.1,53,49,1.54
419,Moree,AU,2020-11-09 02:23:43,-29.47,149.85,78.8,27,0,6.93
420,Acajutla,SV,2020-11-09 02:24:17,13.59,-89.83,71.01,100,78,4.38
421,Narsaq,GL,2020-11-09 02:24:18,60.92,-46.05,30.2,86,100,1.01
422,Denpasar,ID,2020-11-09 02:21:27,-8.65,115.22,84.2,70,40,4.7
423,Atar,MR,2020-11-09 02:24:18,20.52,-13.05,83.21,15,73,5.48
424,Bocas Del Toro,PA,2020-11-09 02:24:18,9.33,-82.25,66.0,100,8,3.06
425,Kalmar,SE,2020-11-09 02:24:18,56.66,16.36,48.99,81,3,5.82
426,Richards Bay,ZA,2020-11-09 02:24:18,-28.78,32.04,73.78,86,89,10.16
427,Taltal,CL,2020-11-09 02:24:19,-25.4,-70.48,59.74,69,0,2.64
428,Port Hawkesbury,CA,2020-11-09 02:20:40,45.62,-61.35,37.0,80,90,1.72
429,Soddy-Daisy,US,2020-11-09 02:24:19,35.24,-85.19,64.99,88,75,3.0
430,Lacombe,CA,2020-11-09 02:24:19,52.47,-113.74,18.0,85,75,9.17
431,Aranos,NA,2020-11-09 02:24:19,-24.13,19.12,67.24,39,43,15.93
432,Anadyr,RU,2020-11-09 02:24:19,64.75,177.48,14.0,92,75,11.18
433,Saint Marys,US,2020-11-09 02:24:19,30.73,-81.55,75.0,84,90,12.75
434,Zunyi,CN,2020-11-09 02:24:20,27.69,106.91,58.01,47,0,1.66
435,Sao Jose Da Coroa Grande,BR,2020-11-09 02:24:20,-8.9,-35.15,76.98,87,11,11.03
436,Banjarmasin,ID,2020-11-09 02:24:20,-3.32,114.59,82.4,83,40,3.36
437,Vanavara,RU,2020-11-09 02:24:20,60.34,102.28,32.16,96,100,7.87
438,Laguna,US,2020-11-09 02:24:20,38.42,-121.42,52.0,27,1,6.93
439,Bara,NG,2020-11-09 02:24:20,10.37,10.73,72.5,31,0,6.22
440,Mina,MX,2020-11-09 02:24:20,26.0,-100.53,73.0,68,5,6.78
441,Trinidad,BO,2020-11-09 02:22:49,-14.83,-64.9,84.22,48,0,2.86
442,Kochinda,IN,2020-11-09 02:24:21,21.73,84.35,59.0,82,0,2.46
443,Unhel,IN,2020-11-09 02:24:21,23.33,75.57,64.56,43,0,1.9
444,Khed,IN,2020-11-09 02:24:21,17.72,73.38,70.45,62,0,4.09
445,Sundargarh,IN,2020-11-09 02:24:21,22.12,84.03,59.0,82,0,4.23
446,Torrington,US,2020-11-09 02:24:22,41.8,-73.12,54.0,67,0,1.01
447,Condega,NI,2020-11-09 02:24:22,13.37,-86.4,70.88,91,100,3.62
448,Boshnyakovo,RU,2020-11-09 02:24:22,49.63,142.17,24.67,95,100,16.44
449,Labuhan,ID,2020-11-09 02:24:22,-6.88,112.21,86.85,60,74,8.23
450,Popondetta,PG,2020-11-09 02:24:22,-8.75,148.25,88.72,61,53,6.22
451,Peniche,PT,2020-11-09 02:24:23,39.36,-9.38,59.0,90,0,4.0
452,San Andres,CO,2020-11-09 02:21:49,12.58,-81.7,82.58,74,85,2.66
453,Nelson Bay,AU,2020-11-09 02:24:23,-32.72,152.15,68.0,45,75,10.29
454,Mwingi,KE,2020-11-09 02:24:23,-0.93,38.06,65.73,94,60,6.44
455,Vestmannaeyjar,IS,2020-11-09 02:24:23,63.44,-20.27,44.67,81,100,26.22
456,Egvekinot,RU,2020-11-09 02:24:23,66.32,-179.17,17.69,96,100,7.96
457,Hauknes,NO,2020-11-09 02:24:23,66.28,14.07,39.0,91,99,9.04
458,West Point,US,2020-11-09 02:21:52,33.61,-88.65,68.0,88,20,5.82
459,Gorazde,BA,2020-11-09 02:24:24,43.67,18.98,33.8,100,30,1.12
460,Lahij,YE,2020-11-09 02:24:24,13.17,44.58,68.83,77,2,4.23
461,Pringsewu,ID,2020-11-09 02:20:20,-5.36,104.97,88.03,55,96,1.7
462,Kailua,US,2020-11-09 02:24:24,21.4,-157.74,82.4,58,40,13.87
463,Atlantic City,US,2020-11-09 02:21:06,39.36,-74.42,60.01,87,1,4.76
464,Santa Cruz Cabralia,BR,2020-11-09 02:22:24,-16.28,-39.02,75.2,83,20,8.05
465,Dingle,PH,2020-11-09 02:24:25,11.0,122.67,84.56,75,10,2.44
466,Benjamin Constant,BR,2020-11-09 02:24:25,-4.38,-70.03,75.2,100,75,2.24
467,Kendari,ID,2020-11-09 02:24:25,-3.94,122.5,90.61,50,100,0.65
468,Itatskiy,RU,2020-11-09 02:24:25,56.07,89.04,38.23,85,100,12.17
469,Suez,EG,2020-11-09 02:24:26,29.97,32.53,67.55,57,0,4.38
470,Digras,IN,2020-11-09 02:24:26,20.12,77.72,63.54,54,0,2.73
471,Bengkulu,ID,2020-11-09 02:24:26,-3.8,102.27,80.1,82,96,0.49
472,Thaba-Tseka,LS,2020-11-09 02:24:26,-29.52,28.61,57.18,81,100,9.13
473,Neiafu,TO,2020-11-09 02:24:26,-18.65,-173.98,80.6,69,20,10.29
474,Santa Cruz,BO,2020-11-09 02:24:27,-17.8,-63.17,75.2,73,0,4.7
475,Kiama,AU,2020-11-09 02:24:27,-34.68,150.87,69.01,55,22,9.8
476,Kaeo,NZ,2020-11-09 02:24:27,-35.1,173.78,70.0,62,100,7.0
477,Yerbogachen,RU,2020-11-09 02:24:27,61.28,108.01,34.14,91,100,9.01
478,Provideniya,RU,2020-11-09 02:24:27,64.38,-173.3,33.8,86,90,8.95
479,Santo Tomas,PH,2020-11-09 02:24:27,14.11,121.14,82.99,83,90,3.36
480,Pechenga,RU,2020-11-09 02:24:27,69.53,31.17,28.4,100,90,12.75
481,Dunedin,NZ,2020-11-09 02:24:06,-45.87,170.5,55.0,75,100,5.01
482,Great Yarmouth,GB,2020-11-09 02:24:28,52.61,1.73,55.99,99,97,1.01
483,Bubaque,GW,2020-11-09 02:24:28,11.28,-15.83,83.35,79,32,10.78
484,Avon Park,US,2020-11-09 02:19:39,27.6,-81.51,75.2,88,90,24.16
485,Airai,TL,2020-11-09 02:24:28,-8.93,125.41,79.72,38,80,7.18
486,Puerto Madryn,AR,2020-11-09 02:24:28,-42.77,-65.04,64.44,73,99,25.08
487,Ballina,AU,2020-11-09 02:24:29,-28.87,153.57,71.6,53,90,8.05
488,Santa Maria Del Oro,MX,2020-11-09 02:24:29,25.93,-105.37,63.27,47,0,8.46
489,Khalkhal,IR,2020-11-09 02:24:29,37.62,48.53,37.04,83,0,1.95
490,Columbus,US,2020-11-09 02:19:43,39.96,-83.0,64.4,63,1,4.27
491,Hay River,CA,2020-11-09 02:24:29,60.82,-115.8,23.0,73,28,17.22
492,Pahrump,US,2020-11-09 02:20:26,36.21,-115.98,42.01,66,10,10.0
493,Mopti,ML,2020-11-09 02:24:30,14.67,-4.0,77.14,17,0,8.52
494,Izumo,JP,2020-11-09 02:24:30,35.37,132.77,59.0,47,75,16.11
495,Ayan,RU,2020-11-09 02:24:30,56.45,138.17,8.01,87,0,16.8
496,Tawau,MY,2020-11-09 02:24:30,4.25,117.89,80.6,94,20,3.36
497,Babushkin,RU,2020-11-09 02:24:31,51.71,105.86,37.4,77,0,8.46
498,Kota Belud,MY,2020-11-09 02:24:31,6.35,116.43,84.2,79,20,10.29
499,Ulfborg,DK,2020-11-09 02:24:31,56.27,8.32,45.0,77,32,1.99
500,Todos Santos,MX,2020-11-09 02:24:31,23.45,-110.22,73.99,78,64,1.01
501,Mount Darwin,ZW,2020-11-09 02:24:31,-16.77,31.58,73.98,34,0,3.62
502,Ibra,OM,2020-11-09 02:24:31,22.69,58.53,67.15,73,0,3.74
503,Ginda,IN,2020-11-09 02:24:31,30.69,78.49,50.23,42,0,4.47
504,Sisimiut,GL,2020-11-09 02:24:32,66.94,-53.67,15.58,92,100,15.84
505,Gondar,ET,2020-11-09 02:24:32,12.6,37.47,56.01,59,27,3.44
506,Sumbe,AO,2020-11-09 02:24:32,-11.21,13.84,76.69,78,100,3.44
507,Ligayan,PH,2020-11-09 02:24:32,4.65,119.47,78.3,86,100,12.21
508,Kralendijk,BQ,2020-11-09 02:24:32,12.15,-68.27,82.4,83,100,4.7
509,Maningrida,AU,2020-11-09 02:24:32,-12.07,134.27,91.63,53,98,13.04
510,Vicente Guerrero,MX,2020-11-09 02:24:33,19.12,-98.17,60.8,59,5,0.58
511,Poum,NC,2020-11-09 02:24:33,-20.23,164.02,76.1,71,25,11.79
512,Hokitika,NZ,2020-11-09 02:24:33,-42.72,170.97,61.72,50,0,8.28
513,Buala,SB,2020-11-09 02:24:33,-8.14,159.59,87.8,59,13,4.54
514,Aswan,EG,2020-11-09 02:24:33,24.09,32.91,62.98,45,0,5.06
515,Yatou,CN,2020-11-09 02:24:33,37.15,122.38,52.79,42,0,11.32
516,Ankang,CN,2020-11-09 02:24:34,32.68,109.02,62.26,40,0,1.21
517,Pacific Grove,US,2020-11-09 02:24:34,36.62,-121.92,52.0,61,40,5.82
518,Praia Da Vitoria,PT,2020-11-09 02:24:34,38.73,-27.07,59.0,87,20,5.99
519,Abonnema,NG,2020-11-09 02:24:34,4.71,6.79,77.13,89,80,3.98
520,Casper,US,2020-11-09 02:24:34,42.87,-106.31,33.01,63,90,11.41
521,Nishihara,JP,2020-11-09 02:24:35,26.18,127.76,77.0,44,75,14.99
522,College,US,2020-11-09 02:24:35,64.86,-147.8,33.8,86,90,4.7
523,Midland,US,2020-11-09 02:24:35,32.0,-102.08,69.8,60,1,13.87
524,Tairua,NZ,2020-11-09 02:24:35,-37.02,175.85,63.0,78,100,10.0
525,Tucuman,AR,2020-11-09 02:24:35,-26.82,-65.22,66.2,72,15,5.82
526,Seoul,KR,2020-11-09 02:21:14,37.57,126.98,44.6,24,1,8.37
527,Katherine,AU,2020-11-09 02:24:35,-14.47,132.27,93.2,46,40,8.05
528,San Juan,AR,2020-11-09 02:21:59,-31.54,-68.54,74.88,46,82,13.06
529,Marsa Matruh,EG,2020-11-09 02:24:36,31.35,27.25,64.4,77,40,3.85
530,Wagar,SD,2020-11-09 02:24:36,16.15,36.2,76.42,64,37,6.78
531,Taree,AU,2020-11-09 02:24:36,-31.9,152.47,69.01,52,90,10.29
532,Bilma,NE,2020-11-09 02:24:36,18.69,12.92,67.75,38,0,16.37
533,Ostrovskoye,RU,2020-11-09 02:24:36,57.81,42.24,32.85,91,69,10.13
534,Petropavlovsk-Kamchatskiy,RU,2020-11-09 02:24:36,53.05,158.65,32.0,80,0,6.71
535,Talaya,RU,2020-11-09 02:24:37,61.38,152.75,-1.77,88,98,4.54
536,Vallenar,CL,2020-11-09 02:24:37,-28.57,-70.76,61.7,60,0,1.48
537,Kieta,PG,2020-11-09 02:24:37,-6.22,155.63,84.63,71,66,5.23
538,Srednekolymsk,RU,2020-11-09 02:24:37,67.45,153.68,-4.49,92,99,5.35
539,Marugame,JP,2020-11-09 02:24:37,34.28,133.78,60.8,41,20,13.87
540,Hobyo,SO,2020-11-09 02:20:47,5.35,48.53,80.58,79,96,13.53
541,Moron,AR,2020-11-09 02:19:57,-34.65,-58.62,70.0,64,100,8.01
542,Tipitapa,NI,2020-11-09 02:24:38,12.2,-86.1,77.0,94,40,6.93
543,Morden,CA,2020-11-09 02:24:38,49.19,-98.1,46.4,65,48,13.87
544,Mocuba,MZ,2020-11-09 02:24:38,-16.84,36.99,77.05,63,0,4.23
545,Ewa Beach,US,2020-11-09 02:24:38,21.32,-158.01,84.2,51,1,11.41
546,Susanville,US,2020-11-09 02:24:38,40.42,-120.65,32.0,90,90,6.93
547,Llandrindod Wells,GB,2020-11-09 02:24:38,52.24,-3.38,52.0,98,94,2.82
548,Camabatela,AO,2020-11-09 02:24:38,-8.19,15.38,64.94,100,100,3.2
549,Yuci,CN,2020-11-09 02:24:39,37.68,112.73,42.8,33,0,2.24
550,Namibe,AO,2020-11-09 02:24:39,-15.2,12.15,69.13,75,64,10.09
551,Oranjemund,NA,2020-11-09 02:24:39,-28.55,16.43,58.87,77,0,14.03
552,Matara,LK,2020-11-09 02:24:39,5.95,80.54,79.45,83,5,4.32
553,Batagay-Alyta,RU,2020-11-09 02:24:39,67.8,130.41,-14.19,80,0,2.06
554,Sao Filipe,CV,2020-11-09 02:24:39,14.9,-24.5,79.56,75,10,6.22
555,Helena,US,2020-11-09 02:24:40,46.59,-112.04,15.8,66,90,5.82
556,Digby,CA,2020-11-09 02:24:40,44.62,-65.77,48.99,84,90,1.01
557,Caravelas,BR,2020-11-09 02:24:40,-17.71,-39.25,73.02,88,63,5.53
558,Conceicao Da Barra,BR,2020-11-09 02:24:40,-18.59,-39.73,74.12,88,22,6.89
559,Puerto Del Rosario,ES,2020-11-09 02:24:40,28.5,-13.86,64.4,82,0,8.05
560,Ayolas,PY,2020-11-09 02:24:40,-27.4,-56.9,76.15,63,43,9.91
561,Halifax,CA,2020-11-09 02:20:02,44.65,-63.57,48.2,81,83,10.29
562,Tazovskiy,RU,2020-11-09 02:24:41,67.47,78.7,10.33,97,96,7.67
563,Ajdabiya,LY,2020-11-09 02:24:41,30.76,20.23,61.11,72,0,5.46
564,Bhinmal,IN,2020-11-09 02:24:41,25.0,72.25,69.66,34,0,1.52
565,Sale,MA,2020-11-09 02:24:41,34.04,-6.82,60.01,100,40,2.28
566,Briancon,FR,2020-11-09 02:24:41,44.9,6.65,46.99,77,88,0.69
567,Tocopilla,CL,2020-11-09 02:24:41,-22.09,-70.2,62.55,61,17,4.79
568,Voineasa,RO,2020-11-09 02:24:42,44.28,24.13,42.01,100,90,3.36
569,Kjollefjord,NO,2020-11-09 02:24:42,70.95,27.35,33.17,94,100,2.89
